<?xml version="1.0" encoding="UTF-8"?>
<p:Document xmlns:p="urn:iso:std:iso:20022:tech:xsd:auth.072.001.01" xmlns:xsi="http://www.w3.org/2001/XMLSchema-instance" xsi:schemaLocation="urn:iso:std:iso:20022:tech:xsd:auth.072.001.01 auth.072.001.01.xsd ">
  <p:SttlmIntlrRpt>
    <p:RptHdr>
      <p:CreDtTm>2001-12-31T12:00:00</p:CreDtTm>
      <p:RptgDt>2001-01-01</p:RptgDt>
      <p:Ccy>EUR</p:Ccy>
      <p:RptSts>NEWT</p:RptSts>
    </p:RptHdr>
    <p:SttlmIntlr>
      <p:Id>
        <p:LEI>529900RQOBT3ZJMDRK43</p:LEI>
        <p:RspnsblPrsn>
          <p:Nm>p:Nm</p:Nm>
          <p:PhneNb>+423-388-2652</p:PhneNb>
          <p:EmailAdr>p:EmailAdr</p:EmailAdr>
          <p:Fctn>p:Fctn</p:Fctn>
        </p:RspnsblPrsn>
        <p:Ctry>LI</p:Ctry>
      </p:Id>
      <p:OvrllTtl>
        <p:Aggt>
          <p:Sttld>
            <p:Vol>0.0</p:Vol>
            <p:Val>0.0</p:Val>
          </p:Sttld>
          <p:Faild>
            <p:Vol>0.0</p:Vol>
            <p:Val>0.0</p:Val>
          </p:Faild>
          <p:Ttl>
            <p:Vol>0.0</p:Vol>
            <p:Val>0.0</p:Val>
          </p:Ttl>
        </p:Aggt>
        <p:FaildRate>
          <p:VolPctg>0.0</p:VolPctg>
          <p:Val>0.0</p:Val>
        </p:FaildRate>
      </p:OvrllTtl>
      <p:FinInstrm>
        <p:Eqty>
          <p:Aggt>
            <p:Sttld>
              <p:Vol>0.0</p:Vol>
              <p:Val>0.0</p:Val>
            </p:Sttld>
            <p:Faild>
              <p:Vol>0.0</p:Vol>
              <p:Val>0.0</p:Val>
            </p:Faild>
            <p:Ttl>
              <p:Vol>0.0</p:Vol>
              <p:Val>0.0</p:Val>
            </p:Ttl>
          </p:Aggt>
          <p:FaildRate>
            <p:VolPctg>0.0</p:VolPctg>
            <p:Val>0.0</p:Val>
          </p:FaildRate>
        </p:Eqty>
        <p:SvrgnDebt>
          <p:Aggt>
            <p:Sttld>
              <p:Vol>0.0</p:Vol>
              <p:Val>0.0</p:Val>
            </p:Sttld>
            <p:Faild>
              <p:Vol>0.0</p:Vol>
              <p:Val>0.0</p:Val>
            </p:Faild>
            <p:Ttl>
              <p:Vol>0.0</p:Vol>
              <p:Val>0.0</p:Val>
            </p:Ttl>
          </p:Aggt>
          <p:FaildRate>
            <p:VolPctg>0.0</p:VolPctg>
            <p:Val>0.0</p:Val>
          </p:FaildRate>
        </p:SvrgnDebt>
        <p:Bd>
          <p:Aggt>
            <p:Sttld>
              <p:Vol>0.0</p:Vol>
              <p:Val>0.0</p:Val>
            </p:Sttld>
            <p:Faild>
              <p:Vol>0.0</p:Vol>
              <p:Val>0.0</p:Val>
            </p:Faild>
            <p:Ttl>
              <p:Vol>0.0</p:Vol>
              <p:Val>0.0</p:Val>
            </p:Ttl>
          </p:Aggt>
          <p:FaildRate>
            <p:VolPctg>0.0</p:VolPctg>
            <p:Val>0.0</p:Val>
          </p:FaildRate>
        </p:Bd>
        <p:OthrTrfblScties>
          <p:Aggt>
            <p:Sttld>
              <p:Vol>0.0</p:Vol>
              <p:Val>0.0</p:Val>
            </p:Sttld>
            <p:Faild>
              <p:Vol>0.0</p:Vol>
              <p:Val>0.0</p:Val>
            </p:Faild>
            <p:Ttl>
              <p:Vol>0.0</p:Vol>
              <p:Val>0.0</p:Val>
            </p:Ttl>
          </p:Aggt>
          <p:FaildRate>
            <p:VolPctg>0.0</p:VolPctg>
            <p:Val>0.0</p:Val>
          </p:FaildRate>
        </p:OthrTrfblScties>
        <p:XchgTradgFnds>
          <p:Aggt>
            <p:Sttld>
              <p:Vol>0.0</p:Vol>
              <p:Val>0.0</p:Val>
            </p:Sttld>
            <p:Faild>
              <p:Vol>0.0</p:Vol>
              <p:Val>0.0</p:Val>
            </p:Faild>
            <p:Ttl>
              <p:Vol>0.0</p:Vol>
              <p:Val>0.0</p:Val>
            </p:Ttl>
          </p:Aggt>
          <p:FaildRate>
            <p:VolPctg>0.0</p:VolPctg>
            <p:Val>0.0</p:Val>
          </p:FaildRate>
        </p:XchgTradgFnds>
        <p:CllctvInvstmtUdrtkgs>
          <p:Aggt>
            <p:Sttld>
              <p:Vol>0.0</p:Vol>
              <p:Val>0.0</p:Val>
            </p:Sttld>
            <p:Faild>
              <p:Vol>0.0</p:Vol>
              <p:Val>0.0</p:Val>
            </p:Faild>
            <p:Ttl>
              <p:Vol>0.0</p:Vol>
              <p:Val>0.0</p:Val>
            </p:Ttl>
          </p:Aggt>
          <p:FaildRate>
            <p:VolPctg>0.0</p:VolPctg>
            <p:Val>0.0</p:Val>
          </p:FaildRate>
        </p:CllctvInvstmtUdrtkgs>
        <p:MnyMktInstrm>
          <p:Aggt>
            <p:Sttld>
              <p:Vol>0.0</p:Vol>
              <p:Val>0.0</p:Val>
            </p:Sttld>
            <p:Faild>
              <p:Vol>0.0</p:Vol>
              <p:Val>0.0</p:Val>
            </p:Faild>
            <p:Ttl>
              <p:Vol>0.0</p:Vol>
              <p:Val>0.0</p:Val>
            </p:Ttl>
          </p:Aggt>
          <p:FaildRate>
            <p:VolPctg>0.0</p:VolPctg>
            <p:Val>0.0</p:Val>
          </p:FaildRate>
        </p:MnyMktInstrm>
        <p:EmssnAllwnc>
          <p:Aggt>
            <p:Sttld>
              <p:Vol>0.0</p:Vol>
              <p:Val>0.0</p:Val>
            </p:Sttld>
            <p:Faild>
              <p:Vol>0.0</p:Vol>
              <p:Val>0.0</p:Val>
            </p:Faild>
            <p:Ttl>
              <p:Vol>0.0</p:Vol>
              <p:Val>0.0</p:Val>
            </p:Ttl>
          </p:Aggt>
          <p:FaildRate>
            <p:VolPctg>0.0</p:VolPctg>
            <p:Val>0.0</p:Val>
          </p:FaildRate>
        </p:EmssnAllwnc>
        <p:OthrFinInstrms>
          <p:Aggt>
            <p:Sttld>
              <p:Vol>0.0</p:Vol>
              <p:Val>0.0</p:Val>
            </p:Sttld>
            <p:Faild>
              <p:Vol>0.0</p:Vol>
              <p:Val>0.0</p:Val>
            </p:Faild>
            <p:Ttl>
              <p:Vol>0.0</p:Vol>
              <p:Val>0.0</p:Val>
            </p:Ttl>
          </p:Aggt>
          <p:FaildRate>
            <p:VolPctg>0.0</p:VolPctg>
            <p:Val>0.0</p:Val>
          </p:FaildRate>
        </p:OthrFinInstrms>
      </p:FinInstrm>
      <p:TxTp>
        <p:SctiesBuyOrSell>
          <p:Aggt>
            <p:Sttld>
              <p:Vol>0.0</p:Vol>
              <p:Val>0.0</p:Val>
            </p:Sttld>
            <p:Faild>
              <p:Vol>0.0</p:Vol>
              <p:Val>0.0</p:Val>
            </p:Faild>
            <p:Ttl>
              <p:Vol>0.0</p:Vol>
              <p:Val>0.0</p:Val>
            </p:Ttl>
          </p:Aggt>
          <p:FaildRate>
            <p:VolPctg>0.0</p:VolPctg>
            <p:Val>0.0</p:Val>
          </p:FaildRate>
        </p:SctiesBuyOrSell>
        <p:CollMgmtOpr>
          <p:Aggt>
            <p:Sttld>
              <p:Vol>0.0</p:Vol>
              <p:Val>0.0</p:Val>
            </p:Sttld>
            <p:Faild>
              <p:Vol>0.0</p:Vol>
              <p:Val>0.0</p:Val>
            </p:Faild>
            <p:Ttl>
              <p:Vol>0.0</p:Vol>
              <p:Val>0.0</p:Val>
            </p:Ttl>
          </p:Aggt>
          <p:FaildRate>
            <p:VolPctg>0.0</p:VolPctg>
            <p:Val>0.0</p:Val>
          </p:FaildRate>
        </p:CollMgmtOpr>
        <p:SctiesLndgOrBrrwg>
          <p:Aggt>
            <p:Sttld>
              <p:Vol>0.0</p:Vol>
              <p:Val>0.0</p:Val>
            </p:Sttld>
            <p:Faild>
              <p:Vol>0.0</p:Vol>
              <p:Val>0.0</p:Val>
            </p:Faild>
            <p:Ttl>
              <p:Vol>0.0</p:Vol>
              <p:Val>0.0</p:Val>
            </p:Ttl>
          </p:Aggt>
          <p:FaildRate>
            <p:VolPctg>0.0</p:VolPctg>
            <p:Val>0.0</p:Val>
          </p:FaildRate>
        </p:SctiesLndgOrBrrwg>
        <p:RpAgrmt>
          <p:Aggt>
            <p:Sttld>
              <p:Vol>0.0</p:Vol>
              <p:Val>0.0</p:Val>
            </p:Sttld>
            <p:Faild>
              <p:Vol>0.0</p:Vol>
              <p:Val>0.0</p:Val>
            </p:Faild>
            <p:Ttl>
              <p:Vol>0.0</p:Vol>
              <p:Val>0.0</p:Val>
            </p:Ttl>
          </p:Aggt>
          <p:FaildRate>
            <p:VolPctg>0.0</p:VolPctg>
            <p:Val>0.0</p:Val>
          </p:FaildRate>
        </p:RpAgrmt>
        <p:OthrTxs>
          <p:Aggt>
            <p:Sttld>
              <p:Vol>0.0</p:Vol>
              <p:Val>0.0</p:Val>
            </p:Sttld>
            <p:Faild>
              <p:Vol>0.0</p:Vol>
              <p:Val>0.0</p:Val>
            </p:Faild>
            <p:Ttl>
              <p:Vol>0.0</p:Vol>
              <p:Val>0.0</p:Val>
            </p:Ttl>
          </p:Aggt>
          <p:FaildRate>
            <p:VolPctg>0.0</p:VolPctg>
            <p:Val>0.0</p:Val>
          </p:FaildRate>
        </p:OthrTxs>
      </p:TxTp>
      <p:ClntTp>
        <p:Prfssnl>
          <p:Aggt>
            <p:Sttld>
              <p:Vol>0.0</p:Vol>
              <p:Val>0.0</p:Val>
            </p:Sttld>
            <p:Faild>
              <p:Vol>0.0</p:Vol>
              <p:Val>0.0</p:Val>
            </p:Faild>
            <p:Ttl>
              <p:Vol>0.0</p:Vol>
              <p:Val>0.0</p:Val>
            </p:Ttl>
          </p:Aggt>
          <p:FaildRate>
            <p:VolPctg>0.0</p:VolPctg>
            <p:Val>0.0</p:Val>
          </p:FaildRate>
        </p:Prfssnl>
        <p:Rtl>
          <p:Aggt>
            <p:Sttld>
              <p:Vol>0.0</p:Vol>
              <p:Val>0.0</p:Val>
            </p:Sttld>
            <p:Faild>
              <p:Vol>0.0</p:Vol>
              <p:Val>0.0</p:Val>
            </p:Faild>
            <p:Ttl>
              <p:Vol>0.0</p:Vol>
              <p:Val>0.0</p:Val>
            </p:Ttl>
          </p:Aggt>
          <p:FaildRate>
            <p:VolPctg>0.0</p:VolPctg>
            <p:Val>0.0</p:Val>
          </p:FaildRate>
        </p:Rtl>
      </p:ClntTp>
      <p:TtlCshTrf>
        <p:Aggt>
          <p:Sttld>
            <p:Vol>0.0</p:Vol>
            <p:Val>0.0</p:Val>
          </p:Sttld>
          <p:Faild>
            <p:Vol>0.0</p:Vol>
            <p:Val>0.0</p:Val>
          </p:Faild>
          <p:Ttl>
            <p:Vol>0.0</p:Vol>
            <p:Val>0.0</p:Val>
          </p:Ttl>
        </p:Aggt>
        <p:FaildRate>
          <p:VolPctg>0.0</p:VolPctg>
          <p:Val>0.0</p:Val>
        </p:FaildRate>
      </p:TtlCshTrf>
    </p:SttlmIntlr>
    <p:IssrCSD>
      <p:Id>
        <p:FrstTwoCharsInstrmId>DE</p:FrstTwoCharsInstrmId>
      </p:Id>
      <p:OvrllTtl>
        <p:Aggt>
          <p:Sttld>
            <p:Vol>0.0</p:Vol>
            <p:Val>0.0</p:Val>
          </p:Sttld>
          <p:Faild>
            <p:Vol>0.0</p:Vol>
            <p:Val>0.0</p:Val>
          </p:Faild>
          <p:Ttl>
            <p:Vol>0.0</p:Vol>
            <p:Val>0.0</p:Val>
          </p:Ttl>
        </p:Aggt>
        <p:FaildRate>
          <p:VolPctg>0.0</p:VolPctg>
          <p:Val>0.0</p:Val>
        </p:FaildRate>
      </p:OvrllTtl>
      <p:FinInstrm>
        <p:Eqty>
          <p:Aggt>
            <p:Sttld>
              <p:Vol>0.0</p:Vol>
              <p:Val>0.0</p:Val>
            </p:Sttld>
            <p:Faild>
              <p:Vol>0.0</p:Vol>
              <p:Val>0.0</p:Val>
            </p:Faild>
            <p:Ttl>
              <p:Vol>0.0</p:Vol>
              <p:Val>0.0</p:Val>
            </p:Ttl>
          </p:Aggt>
          <p:FaildRate>
            <p:VolPctg>0.0</p:VolPctg>
            <p:Val>0.0</p:Val>
          </p:FaildRate>
        </p:Eqty>
        <p:SvrgnDebt>
          <p:Aggt>
            <p:Sttld>
              <p:Vol>0.0</p:Vol>
              <p:Val>0.0</p:Val>
            </p:Sttld>
            <p:Faild>
              <p:Vol>0.0</p:Vol>
              <p:Val>0.0</p:Val>
            </p:Faild>
            <p:Ttl>
              <p:Vol>0.0</p:Vol>
              <p:Val>0.0</p:Val>
            </p:Ttl>
          </p:Aggt>
          <p:FaildRate>
            <p:VolPctg>0.0</p:VolPctg>
            <p:Val>0.0</p:Val>
          </p:FaildRate>
        </p:SvrgnDebt>
        <p:Bd>
          <p:Aggt>
            <p:Sttld>
              <p:Vol>0.0</p:Vol>
              <p:Val>0.0</p:Val>
            </p:Sttld>
            <p:Faild>
              <p:Vol>0.0</p:Vol>
              <p:Val>0.0</p:Val>
            </p:Faild>
            <p:Ttl>
              <p:Vol>0.0</p:Vol>
              <p:Val>0.0</p:Val>
            </p:Ttl>
          </p:Aggt>
          <p:FaildRate>
            <p:VolPctg>0.0</p:VolPctg>
            <p:Val>0.0</p:Val>
          </p:FaildRate>
        </p:Bd>
        <p:OthrTrfblScties>
          <p:Aggt>
            <p:Sttld>
              <p:Vol>0.0</p:Vol>
              <p:Val>0.0</p:Val>
            </p:Sttld>
            <p:Faild>
              <p:Vol>0.0</p:Vol>
              <p:Val>0.0</p:Val>
            </p:Faild>
            <p:Ttl>
              <p:Vol>0.0</p:Vol>
              <p:Val>0.0</p:Val>
            </p:Ttl>
          </p:Aggt>
          <p:FaildRate>
            <p:VolPctg>0.0</p:VolPctg>
            <p:Val>0.0</p:Val>
          </p:FaildRate>
        </p:OthrTrfblScties>
        <p:XchgTradgFnds>
          <p:Aggt>
            <p:Sttld>
              <p:Vol>0.0</p:Vol>
              <p:Val>0.0</p:Val>
            </p:Sttld>
            <p:Faild>
              <p:Vol>0.0</p:Vol>
              <p:Val>0.0</p:Val>
            </p:Faild>
            <p:Ttl>
              <p:Vol>0.0</p:Vol>
              <p:Val>0.0</p:Val>
            </p:Ttl>
          </p:Aggt>
          <p:FaildRate>
            <p:VolPctg>0.0</p:VolPctg>
            <p:Val>0.0</p:Val>
          </p:FaildRate>
        </p:XchgTradgFnds>
        <p:CllctvInvstmtUdrtkgs>
          <p:Aggt>
            <p:Sttld>
              <p:Vol>0.0</p:Vol>
              <p:Val>0.0</p:Val>
            </p:Sttld>
            <p:Faild>
              <p:Vol>0.0</p:Vol>
              <p:Val>0.0</p:Val>
            </p:Faild>
            <p:Ttl>
              <p:Vol>0.0</p:Vol>
              <p:Val>0.0</p:Val>
            </p:Ttl>
          </p:Aggt>
          <p:FaildRate>
            <p:VolPctg>0.0</p:VolPctg>
            <p:Val>0.0</p:Val>
          </p:FaildRate>
        </p:CllctvInvstmtUdrtkgs>
        <p:MnyMktInstrm>
          <p:Aggt>
            <p:Sttld>
              <p:Vol>0.0</p:Vol>
              <p:Val>0.0</p:Val>
            </p:Sttld>
            <p:Faild>
              <p:Vol>0.0</p:Vol>
              <p:Val>0.0</p:Val>
            </p:Faild>
            <p:Ttl>
              <p:Vol>0.0</p:Vol>
              <p:Val>0.0</p:Val>
            </p:Ttl>
          </p:Aggt>
          <p:FaildRate>
            <p:VolPctg>0.0</p:VolPctg>
            <p:Val>0.0</p:Val>
          </p:FaildRate>
        </p:MnyMktInstrm>
        <p:EmssnAllwnc>
          <p:Aggt>
            <p:Sttld>
              <p:Vol>0.0</p:Vol>
              <p:Val>0.0</p:Val>
            </p:Sttld>
            <p:Faild>
              <p:Vol>0.0</p:Vol>
              <p:Val>0.0</p:Val>
            </p:Faild>
            <p:Ttl>
              <p:Vol>0.0</p:Vol>
              <p:Val>0.0</p:Val>
            </p:Ttl>
          </p:Aggt>
          <p:FaildRate>
            <p:VolPctg>0.0</p:VolPctg>
            <p:Val>0.0</p:Val>
          </p:FaildRate>
        </p:EmssnAllwnc>
        <p:OthrFinInstrms>
          <p:Aggt>
            <p:Sttld>
              <p:Vol>0.0</p:Vol>
              <p:Val>0.0</p:Val>
            </p:Sttld>
            <p:Faild>
              <p:Vol>0.0</p:Vol>
              <p:Val>0.0</p:Val>
            </p:Faild>
            <p:Ttl>
              <p:Vol>0.0</p:Vol>
              <p:Val>0.0</p:Val>
            </p:Ttl>
          </p:Aggt>
          <p:FaildRate>
            <p:VolPctg>0.0</p:VolPctg>
            <p:Val>0.0</p:Val>
          </p:FaildRate>
        </p:OthrFinInstrms>
      </p:FinInstrm>
      <p:TxTp>
        <p:SctiesBuyOrSell>
          <p:Aggt>
            <p:Sttld>
              <p:Vol>0.0</p:Vol>
              <p:Val>0.0</p:Val>
            </p:Sttld>
            <p:Faild>
              <p:Vol>0.0</p:Vol>
              <p:Val>0.0</p:Val>
            </p:Faild>
            <p:Ttl>
              <p:Vol>0.0</p:Vol>
              <p:Val>0.0</p:Val>
            </p:Ttl>
          </p:Aggt>
          <p:FaildRate>
            <p:VolPctg>0.0</p:VolPctg>
            <p:Val>0.0</p:Val>
          </p:FaildRate>
        </p:SctiesBuyOrSell>
        <p:CollMgmtOpr>
          <p:Aggt>
            <p:Sttld>
              <p:Vol>0.0</p:Vol>
              <p:Val>0.0</p:Val>
            </p:Sttld>
            <p:Faild>
              <p:Vol>0.0</p:Vol>
              <p:Val>0.0</p:Val>
            </p:Faild>
            <p:Ttl>
              <p:Vol>0.0</p:Vol>
              <p:Val>0.0</p:Val>
            </p:Ttl>
          </p:Aggt>
          <p:FaildRate>
            <p:VolPctg>0.0</p:VolPctg>
            <p:Val>0.0</p:Val>
          </p:FaildRate>
        </p:CollMgmtOpr>
        <p:SctiesLndgOrBrrwg>
          <p:Aggt>
            <p:Sttld>
              <p:Vol>0.0</p:Vol>
              <p:Val>0.0</p:Val>
            </p:Sttld>
            <p:Faild>
              <p:Vol>0.0</p:Vol>
              <p:Val>0.0</p:Val>
            </p:Faild>
            <p:Ttl>
              <p:Vol>0.0</p:Vol>
              <p:Val>0.0</p:Val>
            </p:Ttl>
          </p:Aggt>
          <p:FaildRate>
            <p:VolPctg>0.0</p:VolPctg>
            <p:Val>0.0</p:Val>
          </p:FaildRate>
        </p:SctiesLndgOrBrrwg>
        <p:RpAgrmt>
          <p:Aggt>
            <p:Sttld>
              <p:Vol>0.0</p:Vol>
              <p:Val>0.0</p:Val>
            </p:Sttld>
            <p:Faild>
              <p:Vol>0.0</p:Vol>
              <p:Val>0.0</p:Val>
            </p:Faild>
            <p:Ttl>
              <p:Vol>0.0</p:Vol>
              <p:Val>0.0</p:Val>
            </p:Ttl>
          </p:Aggt>
          <p:FaildRate>
            <p:VolPctg>0.0</p:VolPctg>
            <p:Val>0.0</p:Val>
          </p:FaildRate>
        </p:RpAgrmt>
        <p:OthrTxs>
          <p:Aggt>
            <p:Sttld>
              <p:Vol>0.0</p:Vol>
              <p:Val>0.0</p:Val>
            </p:Sttld>
            <p:Faild>
              <p:Vol>0.0</p:Vol>
              <p:Val>0.0</p:Val>
            </p:Faild>
            <p:Ttl>
              <p:Vol>0.0</p:Vol>
              <p:Val>0.0</p:Val>
            </p:Ttl>
          </p:Aggt>
          <p:FaildRate>
            <p:VolPctg>0.0</p:VolPctg>
            <p:Val>0.0</p:Val>
          </p:FaildRate>
        </p:OthrTxs>
      </p:TxTp>
      <p:ClntTp>
        <p:Prfssnl>
          <p:Aggt>
            <p:Sttld>
              <p:Vol>0.0</p:Vol>
              <p:Val>0.0</p:Val>
            </p:Sttld>
            <p:Faild>
              <p:Vol>0.0</p:Vol>
              <p:Val>0.0</p:Val>
            </p:Faild>
            <p:Ttl>
              <p:Vol>0.0</p:Vol>
              <p:Val>0.0</p:Val>
            </p:Ttl>
          </p:Aggt>
          <p:FaildRate>
            <p:VolPctg>0.0</p:VolPctg>
            <p:Val>0.0</p:Val>
          </p:FaildRate>
        </p:Prfssnl>
        <p:Rtl>
          <p:Aggt>
            <p:Sttld>
              <p:Vol>0.0</p:Vol>
              <p:Val>0.0</p:Val>
            </p:Sttld>
            <p:Faild>
              <p:Vol>0.0</p:Vol>
              <p:Val>0.0</p:Val>
            </p:Faild>
            <p:Ttl>
              <p:Vol>0.0</p:Vol>
              <p:Val>0.0</p:Val>
            </p:Ttl>
          </p:Aggt>
          <p:FaildRate>
            <p:VolPctg>0.0</p:VolPctg>
            <p:Val>0.0</p:Val>
          </p:FaildRate>
        </p:Rtl>
      </p:ClntTp>
      <p:TtlCshTrf>
        <p:Aggt>
          <p:Sttld>
            <p:Vol>0.0</p:Vol>
            <p:Val>0.0</p:Val>
          </p:Sttld>
          <p:Faild>
            <p:Vol>0.0</p:Vol>
            <p:Val>0.0</p:Val>
          </p:Faild>
          <p:Ttl>
            <p:Vol>0.0</p:Vol>
            <p:Val>0.0</p:Val>
          </p:Ttl>
        </p:Aggt>
        <p:FaildRate>
          <p:VolPctg>0.0</p:VolPctg>
          <p:Val>0.0</p:Val>
        </p:FaildRate>
      </p:TtlCshTrf>
    </p:IssrCSD>
  </p:SttlmIntlrRpt>
</p:Document>
