<?xml version="1.0" encoding="UTF-8"?>
<Document xmlns="urn:iso:std:iso:20022:tech:xsd:auth.072.001.01" xmlns:xsi="http://www.w3.org/2001/XMLSchema-instance" 
	xsi:schemaLocation="urn:iso:std:iso:20022:tech:xsd:auth.072.001.01 auth.072.001.01.xsd">
	<SttlmIntlrRpt>
		<RptHdr>
			<CreDtTm>2006-07-04T18:13:51.0</CreDtTm>
			<RptgDt>2018-06-30</RptgDt>
			<Ccy>EUR</Ccy>
			<RptSts>NEWT</RptSts>
		</RptHdr>
		<SttlmIntlr>
			<Id>
				<LEI>O2RNE8IBXP4R0TD8XM41</LEI>
				<RspnsblPrsn>
					<Nm>John Smith</Nm>
					<PhneNb>+33-140978989</PhneNb>
					<EmailAdr>john.smith@abc.com</EmailAdr>
					<Fctn>Senior Analyst</Fctn>
				</RspnsblPrsn>
				<Ctry>FR</Ctry>
				<BrnchId>DE</BrnchId>
			</Id>
			<OvrllTtl>
				<Aggt>
					<Sttld>
						<Vol>16517</Vol>
						<Val>253265</Val>
					</Sttld>
					<Faild>
						<Vol>3618</Vol>
						<Val>0</Val>
					</Faild>
					<Ttl>
						<Vol>20135</Vol>
						<Val>253265</Val>
					</Ttl>
				</Aggt>
				<FaildRate>
					<VolPctg>17.968710000</VolPctg>
					<Val>0.0000000000</Val>
				</FaildRate>
			</OvrllTtl>
			<FinInstrm>
				<Eqty>
					<Aggt>
						<Sttld>
							<Vol>818</Vol>
							<Val>26183</Val>
						</Sttld>
						<Faild>
							<Vol>192</Vol>
							<Val>0</Val>
						</Faild>
						<Ttl>
							<Vol>1010</Vol>
							<Val>26183</Val>
						</Ttl>
					</Aggt>
					<FaildRate>
						<VolPctg>19.009900000</VolPctg>
						<Val>0.0000000000</Val>
					</FaildRate>
				</Eqty>
				<SvrgnDebt>
					<Aggt>
						<Sttld>
							<Vol>723</Vol>
							<Val>12933</Val>
						</Sttld>
						<Faild>
							<Vol>182</Vol>
							<Val>0</Val>
						</Faild>
						<Ttl>
							<Vol>905</Vol>
							<Val>12933</Val>
						</Ttl>
					</Aggt>
					<FaildRate>
						<VolPctg>20.110500000</VolPctg>
						<Val>0.0000000000</Val>
					</FaildRate>
				</SvrgnDebt>
				<Bd>
					<Aggt>
						<Sttld>
							<Vol>942</Vol>
							<Val>14206</Val>
						</Sttld>
						<Faild>
							<Vol>168</Vol>
							<Val>0</Val>
						</Faild>
						<Ttl>
							<Vol>1110</Vol>
							<Val>14206</Val>
						</Ttl>
					</Aggt>
					<FaildRate>
						<VolPctg>15.135130000</VolPctg>
						<Val>0.0000000000</Val>
					</FaildRate>
				</Bd>
				<OthrTrfblScties>
					<Aggt>
						<Sttld>
							<Vol>1829</Vol>
							<Val>23314</Val>
						</Sttld>
						<Faild>
							<Vol>231</Vol>
							<Val>0</Val>
						</Faild>
						<Ttl>
							<Vol>2060</Vol>
							<Val>23314</Val>
						</Ttl>
					</Aggt>
					<FaildRate>
						<VolPctg>11.213590000</VolPctg>
						<Val>0.0000000000</Val>
					</FaildRate>
				</OthrTrfblScties>
				<XchgTradgFnds>
					<Aggt>
						<Sttld>
							<Vol>1060</Vol>
							<Val>13590</Val>
						</Sttld>
						<Faild>
							<Vol>173</Vol>
							<Val>0</Val>
						</Faild>
						<Ttl>
							<Vol>1233</Vol>
							<Val>13590</Val>
						</Ttl>
					</Aggt>
					<FaildRate>
						<VolPctg>14.030820000</VolPctg>
						<Val>0.0000000000</Val>
					</FaildRate>
				</XchgTradgFnds>
				<CllctvInvstmtUdrtkgs>
					<Aggt>
						<Sttld>
							<Vol>1612</Vol>
							<Val>16328</Val>
						</Sttld>
						<Faild>
							<Vol>201</Vol>
							<Val>0</Val>
						</Faild>
						<Ttl>
							<Vol>1813</Vol>
							<Val>16328</Val>
						</Ttl>
					</Aggt>
					<FaildRate>
						<VolPctg>11.086600000</VolPctg>
						<Val>0.0000000000</Val>
					</FaildRate>
				</CllctvInvstmtUdrtkgs>
				<MnyMktInstrm>
					<Aggt>
						<Sttld>
							<Vol>936</Vol>
							<Val>14582</Val>
						</Sttld>
						<Faild>
							<Vol>200</Vol>
							<Val>0</Val>
						</Faild>
						<Ttl>
							<Vol>1136</Vol>
							<Val>14582</Val>
						</Ttl>
					</Aggt>
					<FaildRate>
						<VolPctg>17.605630000</VolPctg>
						<Val>0.0000000000</Val>
					</FaildRate>
				</MnyMktInstrm>
				<EmssnAllwnc>
					<Aggt>
						<Sttld>
							<Vol>1133</Vol>
							<Val>16446</Val>
						</Sttld>
						<Faild>
							<Vol>204</Vol>
							<Val>0</Val>
						</Faild>
						<Ttl>
							<Vol>1337</Vol>
							<Val>16446</Val>
						</Ttl>
					</Aggt>
					<FaildRate>
						<VolPctg>15.258040000</VolPctg>
						<Val>0.0000000000</Val>
					</FaildRate>
				</EmssnAllwnc>
				<OthrFinInstrms>
					<Aggt>
						<Sttld>
							<Vol>854</Vol>
							<Val>14528</Val>
						</Sttld>
						<Faild>
							<Vol>168</Vol>
							<Val>0</Val>
						</Faild>
						<Ttl>
							<Vol>1022</Vol>
							<Val>14528</Val>
						</Ttl>
					</Aggt>
					<FaildRate>
						<VolPctg>16.438360000</VolPctg>
						<Val>0.0000000000</Val>
					</FaildRate>
				</OthrFinInstrms>
			</FinInstrm>
			<TxTp>
				<SctiesBuyOrSell>
					<Aggt>
						<Sttld>
							<Vol>1349</Vol>
							<Val>16337</Val>
						</Sttld>
						<Faild>
							<Vol>257</Vol>
							<Val>0</Val>
						</Faild>
						<Ttl>
							<Vol>1606</Vol>
							<Val>16337</Val>
						</Ttl>
					</Aggt>
					<FaildRate>
						<VolPctg>16.002490000</VolPctg>
						<Val>0.0000000000</Val>
					</FaildRate>
				</SctiesBuyOrSell>
				<CollMgmtOpr>
					<Aggt>
						<Sttld>
							<Vol>381</Vol>
							<Val>13285</Val>
						</Sttld>
						<Faild>
							<Vol>198</Vol>
							<Val>0</Val>
						</Faild>
						<Ttl>
							<Vol>579</Vol>
							<Val>13285</Val>
						</Ttl>
					</Aggt>
					<FaildRate>
						<VolPctg>34.196890000</VolPctg>
						<Val>0.0000000000</Val>
					</FaildRate>
				</CollMgmtOpr>
				<SctiesLndgOrBrrwg>
					<Aggt>
						<Sttld>
							<Vol>1325</Vol>
							<Val>15112</Val>
						</Sttld>
						<Faild>
							<Vol>690</Vol>
							<Val>0</Val>
						</Faild>
						<Ttl>
							<Vol>2015</Vol>
							<Val>15112</Val>
						</Ttl>
					</Aggt>
					<FaildRate>
						<VolPctg>34.243180000</VolPctg>
						<Val>0.0000000000</Val>
					</FaildRate>
				</SctiesLndgOrBrrwg>
				<RpAgrmt>
					<Aggt>
						<Sttld>
							<Vol>776</Vol>
							<Val>13284</Val>
						</Sttld>
						<Faild>
							<Vol>195</Vol>
							<Val>0</Val>
						</Faild>
						<Ttl>
							<Vol>971</Vol>
							<Val>13284</Val>
						</Ttl>
					</Aggt>
					<FaildRate>
						<VolPctg>20.082390000</VolPctg>
						<Val>0.0000000000</Val>
					</FaildRate>
				</RpAgrmt>
				<OthrTxs>
					<Aggt>
						<Sttld>
							<Vol>774</Vol>
							<Val>13565</Val>
						</Sttld>
						<Faild>
							<Vol>178</Vol>
							<Val>0</Val>
						</Faild>
						<Ttl>
							<Vol>952</Vol>
							<Val>13565</Val>
						</Ttl>
					</Aggt>
					<FaildRate>
						<VolPctg>18.697480000</VolPctg>
						<Val>0.0000000000</Val>
					</FaildRate>
				</OthrTxs>
			</TxTp>
			<ClntTp>
				<Prfssnl>
					<Aggt>
						<Sttld>
							<Vol>889</Vol>
							<Val>12891</Val>
						</Sttld>
						<Faild>
							<Vol>200</Vol>
							<Val>0</Val>
						</Faild>
						<Ttl>
							<Vol>1089</Vol>
							<Val>12891</Val>
						</Ttl>
					</Aggt>
					<FaildRate>
						<VolPctg>18.365470000</VolPctg>
						<Val>0.0000000000</Val>
					</FaildRate>
				</Prfssnl>
				<Rtl>
					<Aggt>
						<Sttld>
							<Vol>1116</Vol>
							<Val>16681</Val>
						</Sttld>
						<Faild>
							<Vol>181</Vol>
							<Val>0</Val>
						</Faild>
						<Ttl>
							<Vol>1297</Vol>
							<Val>16681</Val>
						</Ttl>
					</Aggt>
					<FaildRate>
						<VolPctg>13.955280000</VolPctg>
						<Val>0.0000000000</Val>
					</FaildRate>
				</Rtl>
			</ClntTp>
			<TtlCshTrf>
				<Aggt>
					<Sttld>
						<Vol>1744</Vol>
						<Val>14909</Val>
					</Sttld>
					<Faild>
						<Vol>175</Vol>
						<Val>0</Val>
					</Faild>
					<Ttl>
						<Vol>1919</Vol>
						<Val>14909</Val>
					</Ttl>
				</Aggt>
				<FaildRate>
					<VolPctg>9.1193330000</VolPctg>
					<Val>0.0000000000</Val>
				</FaildRate>
			</TtlCshTrf>
		</SttlmIntlr>
		<IssrCSD>
			<Id>
				<LEI>O2RNE8IBXP4R0TA8XM41</LEI>
				<FrstTwoCharsInstrmId>FR</FrstTwoCharsInstrmId>
				<Ctry>FR</Ctry>
			</Id>
			<OvrllTtl>
				<Aggt>
					<Sttld>
						<Vol>1801</Vol>
						<Val>17945</Val>
					</Sttld>
					<Faild>
						<Vol>353</Vol>
						<Val>3510</Val>
					</Faild>
					<Ttl>
						<Vol>2154</Vol>
						<Val>21455</Val>
					</Ttl>
				</Aggt>
				<FaildRate>
					<VolPctg>16.388110000</VolPctg>
					<Val>16.359820000</Val>
				</FaildRate>
			</OvrllTtl>
			<FinInstrm>
				<Eqty>
					<Aggt>
						<Sttld>
							<Vol>15</Vol>
							<Val>6000</Val>
						</Sttld>
						<Faild>
							<Vol>2</Vol>
							<Val>200</Val>
						</Faild>
						<Ttl>
							<Vol>17</Vol>
							<Val>6200</Val>
						</Ttl>
					</Aggt>
					<FaildRate>
						<VolPctg>11.764710000</VolPctg>
						<Val>3.2258060000</Val>
					</FaildRate>
				</Eqty>
				<SvrgnDebt>
					<Aggt>
						<Sttld>
							<Vol>2</Vol>
							<Val>200</Val>
						</Sttld>
						<Faild>
							<Vol>0</Vol>
							<Val>0</Val>
						</Faild>
						<Ttl>
							<Vol>2</Vol>
							<Val>200</Val>
						</Ttl>
					</Aggt>
					<FaildRate>
						<VolPctg>0.0000000000</VolPctg>
						<Val>0.0000000000</Val>
					</FaildRate>
				</SvrgnDebt>
				<Bd>
					<Aggt>
						<Sttld>
							<Vol>19</Vol>
							<Val>300</Val>
						</Sttld>
						<Faild>
							<Vol>1</Vol>
							<Val>50</Val>
						</Faild>
						<Ttl>
							<Vol>20</Vol>
							<Val>350</Val>
						</Ttl>
					</Aggt>
					<FaildRate>
						<VolPctg>5.0000000000</VolPctg>
						<Val>14.285710000</Val>
					</FaildRate>
				</Bd>
				<OthrTrfblScties>
					<Aggt>
						<Sttld>
							<Vol>600</Vol>
							<Val>5000</Val>
						</Sttld>
						<Faild>
							<Vol>15</Vol>
							<Val>20</Val>
						</Faild>
						<Ttl>
							<Vol>615</Vol>
							<Val>5020</Val>
						</Ttl>
					</Aggt>
					<FaildRate>
						<VolPctg>2.4390240000</VolPctg>
						<Val>0.3984064000</Val>
					</FaildRate>
				</OthrTrfblScties>
				<XchgTradgFnds>
					<Aggt>
						<Sttld>
							<Vol>10</Vol>
							<Val>125</Val>
						</Sttld>
						<Faild>
							<Vol>1</Vol>
							<Val>10</Val>
						</Faild>
						<Ttl>
							<Vol>11</Vol>
							<Val>135</Val>
						</Ttl>
					</Aggt>
					<FaildRate>
						<VolPctg>9.0909090000</VolPctg>
						<Val>7.4074070000</Val>
					</FaildRate>
				</XchgTradgFnds>
				<CllctvInvstmtUdrtkgs>
					<Aggt>
						<Sttld>
							<Vol>500</Vol>
							<Val>1000</Val>
						</Sttld>
						<Faild>
							<Vol>10</Vol>
							<Val>200</Val>
						</Faild>
						<Ttl>
							<Vol>510</Vol>
							<Val>1200</Val>
						</Ttl>
					</Aggt>
					<FaildRate>
						<VolPctg>1.9607840000</VolPctg>
						<Val>16.666670000</Val>
					</FaildRate>
				</CllctvInvstmtUdrtkgs>
				<MnyMktInstrm>
					<Aggt>
						<Sttld>
							<Vol>40</Vol>
							<Val>250</Val>
						</Sttld>
						<Faild>
							<Vol>5</Vol>
							<Val>20</Val>
						</Faild>
						<Ttl>
							<Vol>45</Vol>
							<Val>270</Val>
						</Ttl>
					</Aggt>
					<FaildRate>
						<VolPctg>11.111110000</VolPctg>
						<Val>7.4074070000</Val>
					</FaildRate>
				</MnyMktInstrm>
				<EmssnAllwnc>
					<Aggt>
						<Sttld>
							<Vol>1</Vol>
							<Val>1500</Val>
						</Sttld>
						<Faild>
							<Vol>9</Vol>
							<Val>2000</Val>
						</Faild>
						<Ttl>
							<Vol>10</Vol>
							<Val>3500</Val>
						</Ttl>
					</Aggt>
					<FaildRate>
						<VolPctg>90.000000000</VolPctg>
						<Val>57.142860000</Val>
					</FaildRate>
				</EmssnAllwnc>
				<OthrFinInstrms>
					<Aggt>
						<Sttld>
							<Vol>0</Vol>
							<Val>0</Val>
						</Sttld>
						<Faild>
							<Vol>0</Vol>
							<Val>0</Val>
						</Faild>
						<Ttl>
							<Vol>0</Vol>
							<Val>0</Val>
						</Ttl>
					</Aggt>
					<FaildRate>
						<VolPctg>0.0000000000</VolPctg>
						<Val>0.0000000000</Val>
					</FaildRate>
				</OthrFinInstrms>
			</FinInstrm>
			<TxTp>
				<SctiesBuyOrSell>
					<Aggt>
						<Sttld>
							<Vol>300</Vol>
							<Val>1200</Val>
						</Sttld>
						<Faild>
							<Vol>40</Vol>
							<Val>50</Val>
						</Faild>
						<Ttl>
							<Vol>340</Vol>
							<Val>1250</Val>
						</Ttl>
					</Aggt>
					<FaildRate>
						<VolPctg>11.764710000</VolPctg>
						<Val>4.0000000000</Val>
					</FaildRate>
				</SctiesBuyOrSell>
				<CollMgmtOpr>
					<Aggt>
						<Sttld>
							<Vol>0</Vol>
							<Val>0</Val>
						</Sttld>
						<Faild>
							<Vol>0</Vol>
							<Val>0</Val>
						</Faild>
						<Ttl>
							<Vol>0</Vol>
							<Val>0</Val>
						</Ttl>
					</Aggt>
					<FaildRate>
						<VolPctg>0.0000000000</VolPctg>
						<Val>0.0000000000</Val>
					</FaildRate>
				</CollMgmtOpr>
				<SctiesLndgOrBrrwg>
					<Aggt>
						<Sttld>
							<Vol>250</Vol>
							<Val>750</Val>
						</Sttld>
						<Faild>
							<Vol>250</Vol>
							<Val>750</Val>
						</Faild>
						<Ttl>
							<Vol>500</Vol>
							<Val>1500</Val>
						</Ttl>
					</Aggt>
					<FaildRate>
						<VolPctg>50.000000000</VolPctg>
						<Val>50.000000000</Val>
					</FaildRate>
				</SctiesLndgOrBrrwg>
				<RpAgrmt>
					<Aggt>
						<Sttld>
							<Vol>10</Vol>
							<Val>20</Val>
						</Sttld>
						<Faild>
							<Vol>5</Vol>
							<Val>10</Val>
						</Faild>
						<Ttl>
							<Vol>15</Vol>
							<Val>30</Val>
						</Ttl>
					</Aggt>
					<FaildRate>
						<VolPctg>33.333330000</VolPctg>
						<Val>33.333330000</Val>
					</FaildRate>
				</RpAgrmt>
				<OthrTxs>
					<Aggt>
						<Sttld>
							<Vol>4</Vol>
							<Val>100</Val>
						</Sttld>
						<Faild>
							<Vol>0</Vol>
							<Val>0</Val>
						</Faild>
						<Ttl>
							<Vol>4</Vol>
							<Val>100</Val>
						</Ttl>
					</Aggt>
					<FaildRate>
						<VolPctg>0.0000000000</VolPctg>
						<Val>0.0000000000</Val>
					</FaildRate>
				</OthrTxs>
			</TxTp>
			<ClntTp>
				<Prfssnl>
					<Aggt>
						<Sttld>
							<Vol>0</Vol>
							<Val>0</Val>
						</Sttld>
						<Faild>
							<Vol>10</Vol>
							<Val>100</Val>
						</Faild>
						<Ttl>
							<Vol>10</Vol>
							<Val>100</Val>
						</Ttl>
					</Aggt>
					<FaildRate>
						<VolPctg>100.00000000</VolPctg>
						<Val>100.00000000</Val>
					</FaildRate>
				</Prfssnl>
				<Rtl>
					<Aggt>
						<Sttld>
							<Vol>50</Vol>
							<Val>1500</Val>
						</Sttld>
						<Faild>
							<Vol>5</Vol>
							<Val>100</Val>
						</Faild>
						<Ttl>
							<Vol>55</Vol>
							<Val>1600</Val>
						</Ttl>
					</Aggt>
					<FaildRate>
						<VolPctg>9.0909090000</VolPctg>
						<Val>6.2500000000</Val>
					</FaildRate>
				</Rtl>
			</ClntTp>
			<TtlCshTrf>
				<Aggt>
					<Sttld>
						<Vol>500</Vol>
						<Val>1000</Val>
					</Sttld>
					<Faild>
						<Vol>0</Vol>
						<Val>0</Val>
					</Faild>
					<Ttl>
						<Vol>500</Vol>
						<Val>1000</Val>
					</Ttl>
				</Aggt>
				<FaildRate>
					<VolPctg>0.0000000000</VolPctg>
					<Val>0.0000000000</Val>
				</FaildRate>
			</TtlCshTrf>
		</IssrCSD>
		<IssrCSD>
			<Id>
				<LEI>O2ANE8IBXP4R0TD8XM41</LEI>
				<FrstTwoCharsInstrmId>XS</FrstTwoCharsInstrmId>
				<Ctry>LU</Ctry>
			</Id>
			<OvrllTtl>
				<Aggt>
					<Sttld>
						<Vol>5452</Vol>
						<Val>109581</Val>
					</Sttld>
					<Faild>
						<Vol>366</Vol>
						<Val>4617</Val>
					</Faild>
					<Ttl>
						<Vol>5818</Vol>
						<Val>114198</Val>
					</Ttl>
				</Aggt>
				<FaildRate>
					<VolPctg>6.2908220000</VolPctg>
					<Val>4.0429780000</Val>
				</FaildRate>
			</OvrllTtl>
			<FinInstrm>
				<Eqty>
					<Aggt>
						<Sttld>
							<Vol>504</Vol>
							<Val>7004</Val>
						</Sttld>
						<Faild>
							<Vol>16</Vol>
							<Val>299</Val>
						</Faild>
						<Ttl>
							<Vol>520</Vol>
							<Val>7303</Val>
						</Ttl>
					</Aggt>
					<FaildRate>
						<VolPctg>3.0769230000</VolPctg>
						<Val>4.0942080000</Val>
					</FaildRate>
				</Eqty>
				<SvrgnDebt>
					<Aggt>
						<Sttld>
							<Vol>204</Vol>
							<Val>6206</Val>
						</Sttld>
						<Faild>
							<Vol>20</Vol>
							<Val>266</Val>
						</Faild>
						<Ttl>
							<Vol>224</Vol>
							<Val>6472</Val>
						</Ttl>
					</Aggt>
					<FaildRate>
						<VolPctg>8.9285720000</VolPctg>
						<Val>4.1100130000</Val>
					</FaildRate>
				</SvrgnDebt>
				<Bd>
					<Aggt>
						<Sttld>
							<Vol>383</Vol>
							<Val>6705</Val>
						</Sttld>
						<Faild>
							<Vol>16</Vol>
							<Val>282</Val>
						</Faild>
						<Ttl>
							<Vol>399</Vol>
							<Val>6987</Val>
						</Ttl>
					</Aggt>
					<FaildRate>
						<VolPctg>4.0100250000</VolPctg>
						<Val>4.0360670000</Val>
					</FaildRate>
				</Bd>
				<OthrTrfblScties>
					<Aggt>
						<Sttld>
							<Vol>282</Vol>
							<Val>6358</Val>
						</Sttld>
						<Faild>
							<Vol>34</Vol>
							<Val>263</Val>
						</Faild>
						<Ttl>
							<Vol>316</Vol>
							<Val>6621</Val>
						</Ttl>
					</Aggt>
					<FaildRate>
						<VolPctg>10.759490000</VolPctg>
						<Val>3.9722100000</Val>
					</FaildRate>
				</OthrTrfblScties>
				<XchgTradgFnds>
					<Aggt>
						<Sttld>
							<Vol>407</Vol>
							<Val>6835</Val>
						</Sttld>
						<Faild>
							<Vol>20</Vol>
							<Val>281</Val>
						</Faild>
						<Ttl>
							<Vol>427</Vol>
							<Val>7116</Val>
						</Ttl>
					</Aggt>
					<FaildRate>
						<VolPctg>4.6838410000</VolPctg>
						<Val>3.9488480000</Val>
					</FaildRate>
				</XchgTradgFnds>
				<CllctvInvstmtUdrtkgs>
					<Aggt>
						<Sttld>
							<Vol>282</Vol>
							<Val>7168</Val>
						</Sttld>
						<Faild>
							<Vol>14</Vol>
							<Val>313</Val>
						</Faild>
						<Ttl>
							<Vol>296</Vol>
							<Val>7481</Val>
						</Ttl>
					</Aggt>
					<FaildRate>
						<VolPctg>4.7297300000</VolPctg>
						<Val>4.1839330000</Val>
					</FaildRate>
				</CllctvInvstmtUdrtkgs>
				<MnyMktInstrm>
					<Aggt>
						<Sttld>
							<Vol>383</Vol>
							<Val>7320</Val>
						</Sttld>
						<Faild>
							<Vol>28</Vol>
							<Val>256</Val>
						</Faild>
						<Ttl>
							<Vol>411</Vol>
							<Val>7576</Val>
						</Ttl>
					</Aggt>
					<FaildRate>
						<VolPctg>6.8126520000</VolPctg>
						<Val>3.3790920000</Val>
					</FaildRate>
				</MnyMktInstrm>
				<EmssnAllwnc>
					<Aggt>
						<Sttld>
							<Vol>488</Vol>
							<Val>6652</Val>
						</Sttld>
						<Faild>
							<Vol>21</Vol>
							<Val>276</Val>
						</Faild>
						<Ttl>
							<Vol>509</Vol>
							<Val>6928</Val>
						</Ttl>
					</Aggt>
					<FaildRate>
						<VolPctg>4.1257370000</VolPctg>
						<Val>3.9838340000</Val>
					</FaildRate>
				</EmssnAllwnc>
				<OthrFinInstrms>
					<Aggt>
						<Sttld>
							<Vol>345</Vol>
							<Val>7453</Val>
						</Sttld>
						<Faild>
							<Vol>14</Vol>
							<Val>252</Val>
						</Faild>
						<Ttl>
							<Vol>359</Vol>
							<Val>7705</Val>
						</Ttl>
					</Aggt>
					<FaildRate>
						<VolPctg>3.8997210000</VolPctg>
						<Val>3.2706030000</Val>
					</FaildRate>
				</OthrFinInstrms>
			</FinInstrm>
			<TxTp>
				<SctiesBuyOrSell>
					<Aggt>
						<Sttld>
							<Vol>441</Vol>
							<Val>6802</Val>
						</Sttld>
						<Faild>
							<Vol>18</Vol>
							<Val>327</Val>
						</Faild>
						<Ttl>
							<Vol>459</Vol>
							<Val>7129</Val>
						</Ttl>
					</Aggt>
					<FaildRate>
						<VolPctg>3.9215690000</VolPctg>
						<Val>4.5868990000</Val>
					</FaildRate>
				</SctiesBuyOrSell>
				<CollMgmtOpr>
					<Aggt>
						<Sttld>
							<Vol>128</Vol>
							<Val>6726</Val>
						</Sttld>
						<Faild>
							<Vol>30</Vol>
							<Val>297</Val>
						</Faild>
						<Ttl>
							<Vol>158</Vol>
							<Val>7023</Val>
						</Ttl>
					</Aggt>
					<FaildRate>
						<VolPctg>18.987340000</VolPctg>
						<Val>4.2289620000</Val>
					</FaildRate>
				</CollMgmtOpr>
				<SctiesLndgOrBrrwg>
					<Aggt>
						<Sttld>
							<Vol>353</Vol>
							<Val>7457</Val>
						</Sttld>
						<Faild>
							<Vol>33</Vol>
							<Val>350</Val>
						</Faild>
						<Ttl>
							<Vol>386</Vol>
							<Val>7807</Val>
						</Ttl>
					</Aggt>
					<FaildRate>
						<VolPctg>8.5492230000</VolPctg>
						<Val>4.4831560000</Val>
					</FaildRate>
				</SctiesLndgOrBrrwg>
				<RpAgrmt>
					<Aggt>
						<Sttld>
							<Vol>150</Vol>
							<Val>6703</Val>
						</Sttld>
						<Faild>
							<Vol>28</Vol>
							<Val>336</Val>
						</Faild>
						<Ttl>
							<Vol>178</Vol>
							<Val>7039</Val>
						</Ttl>
					</Aggt>
					<FaildRate>
						<VolPctg>15.730340000</VolPctg>
						<Val>4.7734050000</Val>
					</FaildRate>
				</RpAgrmt>
				<OthrTxs>
					<Aggt>
						<Sttld>
							<Vol>205</Vol>
							<Val>7118</Val>
						</Sttld>
						<Faild>
							<Vol>25</Vol>
							<Val>264</Val>
						</Faild>
						<Ttl>
							<Vol>230</Vol>
							<Val>7382</Val>
						</Ttl>
					</Aggt>
					<FaildRate>
						<VolPctg>10.869570000</VolPctg>
						<Val>3.5762670000</Val>
					</FaildRate>
				</OthrTxs>
			</TxTp>
			<ClntTp>
				<Prfssnl>
					<Aggt>
						<Sttld>
							<Vol>441</Vol>
							<Val>6357</Val>
						</Sttld>
						<Faild>
							<Vol>25</Vol>
							<Val>284</Val>
						</Faild>
						<Ttl>
							<Vol>466</Vol>
							<Val>6641</Val>
						</Ttl>
					</Aggt>
					<FaildRate>
						<VolPctg>5.3648070000</VolPctg>
						<Val>4.2764640000</Val>
					</FaildRate>
				</Prfssnl>
				<Rtl>
					<Aggt>
						<Sttld>
							<Vol>456</Vol>
							<Val>6717</Val>
						</Sttld>
						<Faild>
							<Vol>24</Vol>
							<Val>271</Val>
						</Faild>
						<Ttl>
							<Vol>480</Vol>
							<Val>6988</Val>
						</Ttl>
					</Aggt>
					<FaildRate>
						<VolPctg>5.0000000000</VolPctg>
						<Val>3.8780770000</Val>
					</FaildRate>
				</Rtl>
			</ClntTp>
			<TtlCshTrf>
				<Aggt>
					<Sttld>
						<Vol>212</Vol>
						<Val>6249</Val>
					</Sttld>
					<Faild>
						<Vol>14</Vol>
						<Val>306</Val>
					</Faild>
					<Ttl>
						<Vol>226</Vol>
						<Val>6555</Val>
					</Ttl>
				</Aggt>
				<FaildRate>
					<VolPctg>6.1946900000</VolPctg>
					<Val>4.6681920000</Val>
				</FaildRate>
			</TtlCshTrf>
		</IssrCSD>
		<IssrCSD>
			<Id>
				<FrstTwoCharsInstrmId>GR</FrstTwoCharsInstrmId>
			</Id>
			<OvrllTtl>
				<Aggt>
					<Sttld>
						<Vol>0</Vol>
						<Val>0</Val>
					</Sttld>
					<Faild>
						<Vol>0</Vol>
						<Val>0</Val>
					</Faild>
					<Ttl>
						<Vol>0</Vol>
						<Val>0</Val>
					</Ttl>
				</Aggt>
				<FaildRate>
					<VolPctg>0.0000000000</VolPctg>
					<Val>0.0000000000</Val>
				</FaildRate>
			</OvrllTtl>
			<FinInstrm>
				<Eqty>
					<Aggt>
						<Sttld>
							<Vol>0</Vol>
							<Val>0</Val>
						</Sttld>
						<Faild>
							<Vol>0</Vol>
							<Val>0</Val>
						</Faild>
						<Ttl>
							<Vol>0</Vol>
							<Val>0</Val>
						</Ttl>
					</Aggt>
					<FaildRate>
						<VolPctg>0.0000000000</VolPctg>
						<Val>0.0000000000</Val>
					</FaildRate>
				</Eqty>
				<SvrgnDebt>
					<Aggt>
						<Sttld>
							<Vol>0</Vol>
							<Val>0</Val>
						</Sttld>
						<Faild>
							<Vol>0</Vol>
							<Val>0</Val>
						</Faild>
						<Ttl>
							<Vol>0</Vol>
							<Val>0</Val>
						</Ttl>
					</Aggt>
					<FaildRate>
						<VolPctg>0.0000000000</VolPctg>
						<Val>0.0000000000</Val>
					</FaildRate>
				</SvrgnDebt>
				<Bd>
					<Aggt>
						<Sttld>
							<Vol>0</Vol>
							<Val>0</Val>
						</Sttld>
						<Faild>
							<Vol>0</Vol>
							<Val>0</Val>
						</Faild>
						<Ttl>
							<Vol>0</Vol>
							<Val>0</Val>
						</Ttl>
					</Aggt>
					<FaildRate>
						<VolPctg>0.0000000000</VolPctg>
						<Val>0.0000000000</Val>
					</FaildRate>
				</Bd>
				<OthrTrfblScties>
					<Aggt>
						<Sttld>
							<Vol>0</Vol>
							<Val>0</Val>
						</Sttld>
						<Faild>
							<Vol>0</Vol>
							<Val>0</Val>
						</Faild>
						<Ttl>
							<Vol>0</Vol>
							<Val>0</Val>
						</Ttl>
					</Aggt>
					<FaildRate>
						<VolPctg>0.0000000000</VolPctg>
						<Val>0.0000000000</Val>
					</FaildRate>
				</OthrTrfblScties>
				<XchgTradgFnds>
					<Aggt>
						<Sttld>
							<Vol>0</Vol>
							<Val>0</Val>
						</Sttld>
						<Faild>
							<Vol>0</Vol>
							<Val>0</Val>
						</Faild>
						<Ttl>
							<Vol>0</Vol>
							<Val>0</Val>
						</Ttl>
					</Aggt>
					<FaildRate>
						<VolPctg>0.0000000000</VolPctg>
						<Val>0.0000000000</Val>
					</FaildRate>
				</XchgTradgFnds>
				<CllctvInvstmtUdrtkgs>
					<Aggt>
						<Sttld>
							<Vol>0</Vol>
							<Val>0</Val>
						</Sttld>
						<Faild>
							<Vol>0</Vol>
							<Val>0</Val>
						</Faild>
						<Ttl>
							<Vol>0</Vol>
							<Val>0</Val>
						</Ttl>
					</Aggt>
					<FaildRate>
						<VolPctg>0.0000000000</VolPctg>
						<Val>0.0000000000</Val>
					</FaildRate>
				</CllctvInvstmtUdrtkgs>
				<MnyMktInstrm>
					<Aggt>
						<Sttld>
							<Vol>0</Vol>
							<Val>0</Val>
						</Sttld>
						<Faild>
							<Vol>0</Vol>
							<Val>0</Val>
						</Faild>
						<Ttl>
							<Vol>0</Vol>
							<Val>0</Val>
						</Ttl>
					</Aggt>
					<FaildRate>
						<VolPctg>0.0000000000</VolPctg>
						<Val>0.0000000000</Val>
					</FaildRate>
				</MnyMktInstrm>
				<EmssnAllwnc>
					<Aggt>
						<Sttld>
							<Vol>0</Vol>
							<Val>0</Val>
						</Sttld>
						<Faild>
							<Vol>0</Vol>
							<Val>0</Val>
						</Faild>
						<Ttl>
							<Vol>0</Vol>
							<Val>0</Val>
						</Ttl>
					</Aggt>
					<FaildRate>
						<VolPctg>0.0000000000</VolPctg>
						<Val>0.0000000000</Val>
					</FaildRate>
				</EmssnAllwnc>
				<OthrFinInstrms>
					<Aggt>
						<Sttld>
							<Vol>0</Vol>
							<Val>0</Val>
						</Sttld>
						<Faild>
							<Vol>0</Vol>
							<Val>0</Val>
						</Faild>
						<Ttl>
							<Vol>0</Vol>
							<Val>0</Val>
						</Ttl>
					</Aggt>
					<FaildRate>
						<VolPctg>0.0000000000</VolPctg>
						<Val>0.0000000000</Val>
					</FaildRate>
				</OthrFinInstrms>
			</FinInstrm>
			<TxTp>
				<SctiesBuyOrSell>
					<Aggt>
						<Sttld>
							<Vol>0</Vol>
							<Val>0</Val>
						</Sttld>
						<Faild>
							<Vol>0</Vol>
							<Val>0</Val>
						</Faild>
						<Ttl>
							<Vol>0</Vol>
							<Val>0</Val>
						</Ttl>
					</Aggt>
					<FaildRate>
						<VolPctg>0.0000000000</VolPctg>
						<Val>0.0000000000</Val>
					</FaildRate>
				</SctiesBuyOrSell>
				<CollMgmtOpr>
					<Aggt>
						<Sttld>
							<Vol>0</Vol>
							<Val>0</Val>
						</Sttld>
						<Faild>
							<Vol>0</Vol>
							<Val>0</Val>
						</Faild>
						<Ttl>
							<Vol>0</Vol>
							<Val>0</Val>
						</Ttl>
					</Aggt>
					<FaildRate>
						<VolPctg>0.0000000000</VolPctg>
						<Val>0.0000000000</Val>
					</FaildRate>
				</CollMgmtOpr>
				<SctiesLndgOrBrrwg>
					<Aggt>
						<Sttld>
							<Vol>0</Vol>
							<Val>0</Val>
						</Sttld>
						<Faild>
							<Vol>0</Vol>
							<Val>0</Val>
						</Faild>
						<Ttl>
							<Vol>0</Vol>
							<Val>0</Val>
						</Ttl>
					</Aggt>
					<FaildRate>
						<VolPctg>0.0000000000</VolPctg>
						<Val>0.0000000000</Val>
					</FaildRate>
				</SctiesLndgOrBrrwg>
				<RpAgrmt>
					<Aggt>
						<Sttld>
							<Vol>0</Vol>
							<Val>0</Val>
						</Sttld>
						<Faild>
							<Vol>0</Vol>
							<Val>0</Val>
						</Faild>
						<Ttl>
							<Vol>0</Vol>
							<Val>0</Val>
						</Ttl>
					</Aggt>
					<FaildRate>
						<VolPctg>0.0000000000</VolPctg>
						<Val>0.0000000000</Val>
					</FaildRate>
				</RpAgrmt>
				<OthrTxs>
					<Aggt>
						<Sttld>
							<Vol>0</Vol>
							<Val>0</Val>
						</Sttld>
						<Faild>
							<Vol>0</Vol>
							<Val>0</Val>
						</Faild>
						<Ttl>
							<Vol>0</Vol>
							<Val>0</Val>
						</Ttl>
					</Aggt>
					<FaildRate>
						<VolPctg>0.0000000000</VolPctg>
						<Val>0.0000000000</Val>
					</FaildRate>
				</OthrTxs>
			</TxTp>
			<ClntTp>
				<Prfssnl>
					<Aggt>
						<Sttld>
							<Vol>0</Vol>
							<Val>0</Val>
						</Sttld>
						<Faild>
							<Vol>0</Vol>
							<Val>0</Val>
						</Faild>
						<Ttl>
							<Vol>0</Vol>
							<Val>0</Val>
						</Ttl>
					</Aggt>
					<FaildRate>
						<VolPctg>0.0000000000</VolPctg>
						<Val>0.0000000000</Val>
					</FaildRate>
				</Prfssnl>
				<Rtl>
					<Aggt>
						<Sttld>
							<Vol>0</Vol>
							<Val>0</Val>
						</Sttld>
						<Faild>
							<Vol>0</Vol>
							<Val>0</Val>
						</Faild>
						<Ttl>
							<Vol>0</Vol>
							<Val>0</Val>
						</Ttl>
					</Aggt>
					<FaildRate>
						<VolPctg>0.0000000000</VolPctg>
						<Val>0.0000000000</Val>
					</FaildRate>
				</Rtl>
			</ClntTp>
			<TtlCshTrf>
				<Aggt>
					<Sttld>
						<Vol>0</Vol>
						<Val>0</Val>
					</Sttld>
					<Faild>
						<Vol>0</Vol>
						<Val>0</Val>
					</Faild>
					<Ttl>
						<Vol>0</Vol>
						<Val>0</Val>
					</Ttl>
				</Aggt>
				<FaildRate>
					<VolPctg>0.0000000000</VolPctg>
					<Val>0.0000000000</Val>
				</FaildRate>
			</TtlCshTrf>
		</IssrCSD>
	</SttlmIntlrRpt>
</Document>